MAscpkKG1DY5TFS4D7zk1n5449KPsM3Gxy,189
MCNJju2awJDKFzBRea41tmqAD1oPkTynZg,93
MDDM56TcMqPurm2wGvpTYkQ7jVoVfacrnu,79
MKFdT37zrRq1BCM1zXZ4NwG4aoXgwdPZMV,76
M9BbND3ZqZowFP379rzWHMJkzTAaB51dwe,68
MELGB9Ga8zotPhDS6WzghHrL48hGAcnW8y,57
MSsT2mwdUD2ZNbA1HraktR1eLHdYeMVJVV,42
MAT52J37iduDHy6ikUwENuQ5yKEdCMYViX,37
MT78CrF1RGmxZXwC6Ti1hoYTmdYKM6Fh26,37
MSHVdGnidj1cripzSFRbkQNQ5kNzVRhNSd,34
MRXqvmwb8b2Cp9Bge7Cx7AmXAc1Ybi2GM6,33
MTkGq98NKa3iBQ22RjyjKoAE3r4cpYagtZ,31
MVwZ8r1UfZCKUwqTDJ64FCfVyKdxdZrmwJ,30
MQp6qUpHpPdpXCQb3YndaXoJb83R4xWpsc,30
MSw6LDJiJji1sPaXDKj2s5stGzq5sVGT7e,28
MSbeERPfQNx5BiMYP2gR49bonCKVb5p1mV,28
MRC8FFgkZ4mQAuQH8HEcMBNNkzbZWTA73c,27
MJbTbKZcZy7yNbiFFo53TTmLS4YkHr6hew,26
MGnzN5qURL94U3XZZ6L54kNsJCA6VU1BdS,24
MS7qQ8uSF4T1yZ5Ex6Z122XLsWN3KTp3Gi,21
MAo8VgMoP9dmke3QocEYtZvdpWmYBi2dGG,19
MCPbd6yTEcsMtvL2K7KiFKQ8NhQYfabXaa,19
MJHa6hEbgjhfTH2zA7VU3shVm9koojxf7y,19
MEHsuFEsaX89WPLApFFkAUN6YCgg6cLH9z,18
MCnSgvomTxhVhC67DTYgcJGpxkeZeVAiU5,17
MGKcvQ8KCvszJywTQ9zaG9GzVQXLsptYvR,17
MV2LVBqQKhcP8yPVpVESAV3NvVbftJzTpC,17
MQhpw2zawqXrj6gLDke1u8sqB9rf9tuFwc,17
MUPzjg4YQffbz5U7rxjMnGf99ZiM8Vk1i1,16
MFwVkZVqA8X31vyoRm5xTyvC3wW7o22tmv,16
MHjEZ3nAiPqGdVD4mw1smqTK8Jh8jjyqAh,15
MPeJeF4EDZ4Si8J62Uwx45TPDkBvfr3ivp,14
MQvWo4XPyuuyPhjVmeB2EN6mYmNZMZHGW4,14
MCvn5TMkBHUGKv4vbKSz8xmozgBwHT1s2C,12
MHCtNtZxx3BnPgYcWWzewFoTBqRi6pM7cY,12
MGetAFQivx8f2NGDcKkmomcE864FWghje5,12
MWAhoj7ooQLMvbZtqDpvkQqV3GCTAM9rRy,12
M91QJzKmt43q18YC5HHBzq3ofpBfACYvSE,12
MREr5X9V24T2fGAmx3d4JkB2JjH3cDnQkN,12
MKV15vpjqwWRZsLm5GJT5ymm6KrwdkPYt1,11
MQ3SjzkNFvmHyRccAGnAbdcPV8GYD1nV7H,10
MLeH1dA4dJvucWFXWuCkBrvSFfveVMMSJr,9
MHrZbGKMQXu657nDxmSH1ygiD59M9qPiYz,9
MBmiSnw7npCNNuVP6tWie3hwN6uqqYncG7,8
MWc8GjTn2d93ZTH16EKb74hksF5hvmayX6,7
MGtSWByoRn8ABTYQqQn26P6USsyvjVCx9Z,7
MX3TuQwMBM4uTFfYAY1ub6pyYcaVSNb8qK,7
MNgeJqTmr73YAS362XnqVwA8HG728PYy6u,7
MRtdNnkBBz2zYNE2QQuQTHJvPHbriHPcs7,7
MP3SPiBALHDg3cccBpHmJwU2H42yNmGTc6,6
MAmT1genG8Xs3sbbJzFnxkzbhivigGrQ2k,6
MPauLvcxb9nZGQmk7oHWL5L16AQpEKQVf2,6
MQDnWouERqbVibgNk5HZsAh9FkRzCGz39z,6
MJNwHdcFHnwhoANoMoXdiDiwd7m7YZBEaw,6
MHBEF24XACE23ajXoHgEet8fez74TQKJEK,5
MSji977xqo1QVEsMT9uRFZcow59UTXeTYY,5
MXD3BPgrWPA4UxWFp4buvNzNNbEq3niGRg,5
MMEtaYbB1cwzCeiSdeEhxhwudgYiKAKEvF,5
MLuGtfTZb775Y2nC6nt3QQ7Aq8igyVM2UK,5
MKXEqGkHvAM3qiGVfny1fwauXTjhn7hvc7,5
MBckfsc2mgRrRazY3yzs5Q2iR7sk15keDh,5
MJtkcNCvyFRMVVW5LvbTAGkFEknGRqTQWD,5
MWrKpXtqodETPawesEnhJFTALvfhidRYmW,5
MAUpirX8A6mw25V2esJHkLH1UQYPoKbicY,5
MMxfPZDX9m6Eb9rFNSVDktx3YKmpJ7cRJS,4
MFDif1izyx2THsCZqNcmnsgxacUgC1YrfB,4
MGpw7fCoJhAo8vyBWhMZ1KJaVBQnBi2My1,4
MDeoHriNgkhwavy6jiJ5PSz7YVPvN2ktrj,4
MBfogaYF5cyXRWqBkoM3tuNYYTnVrzoTdm,4
MGLTU2poWfQLQn8ukUx5FvJHMxxryjyhoA,4
MGaaaWgbcp1ZUcVxhCfhegNnNeGvVJfvmo,4
MMULFEqk4ht9vUoLG9mSyAx6JjtTJQx9J1,4
MVsZ1x7nKB68YXvypC4ZDicdNM7LoGPAfv,4
M81WvF75fPTyVCprNiz2Xun6dENGpQURDC,4
MLuXvHjX5on1G7wUu6qq5XWegUocMJHWcF,4
M9rjC5nhVv7U6buTadyx1vmaF1WLpFZjPJ,4
MRWTpWucNPLHLZMEc8JNPG1D7kkVSNgNGz,4
MV4McbS4SBZ6xDeg9zTcfrpnB3qGWdQcKc,4
MEp6aVdZpNN9MPNhKktrpfnmcdn8stEXT1,4
MMRWkAk8WEiyBx1KaPbrZf7DxKtaj31kC3,4
MB8Vsv4hpnEbMSh6t8xMWMWZhS1w51gnQF,4
MX4yvPTm9wDwtkwM6dJTadzogsxrZU8sJq,4
MVaaUb4kDpcj4X4eqP1ZEwntEXLMsBEgo8,3
MFCyaBFpL9FUTQbtUa8jSVC5asVRqYsVDw,3
M8miV9UrbxM3rvkQxwobhcMuW1sj2GR7eD,3
MAm1HFwaVLRfohMHHNngnPg9fGV5iE7csu,3
MUb8B9io27VV7w4uyNBYYrhdQG3Rep246D,3
MV3qegy8wLdPjg2jkfF58NAuL9CZ2D3zkK,3
MNKVYin74Z4zcWZq7Qjo9QfWCitZzkMwex,3
MP38KUyaHSZaeLFVHwfjEhYK3iwpr6qjro,3
MBB8mzrbAFYbzQAS2vBVrpYKb1NstTys5m,3
MB9FSLtUBmhuZNnzyd7qHMrEXCunH8Secb,3
MESuA2NfcSyRANao1ppJZ1Z9rsCycX2CHx,3
MHmu3NVMW2Q6k1RhaaLY2qE21ejQrN4xBy,3
MLCG3pEzZhBjTKmSykJp7JZgZe6n5y5Ddn,3
MNut5bxSaEZ59mehgAvUvmqE3S3waHcKSE,3
MUkqqfCCHNauFFb6vVcopDpC13qYuKWVY6,3
MAeSW9uG2G6KqBG2NGByuCwFjSbuX7fyF7,3
MJRvHw72wf8anN8oqFpdmQqE1PRF5hW3mz,3
MHvHJ9FC9fozjAmV135QczeSCUibJUtbvF,3
MUTRHRQhmbB5YUcFtcYsCp1GExtxM1Vbyn,3
MMwbmLXacVqNVLf4Y6yMfFgNXfn1nCiA1k,3
MMUueJnKeTWUKrL9zEk7f4RmsgF2VBwFyH,3
MRXLXwL5V6FAuKZzvPxr7iq5wWeJ2jcvAV,3
MW2XfWAFrYPbzqQUxUHwiH4DGwRhkhN1nB,3
M8W5NQa13mS9geRvyRUP8mbhJtb5PNZxzX,2
MQ9y4nTc6wmALcfVDK887pqMw3M1tBzxzK,2
MSdinTiD2q4yE2mVex43nJYePaccBd495s,2
MR4S32GF7ZMwpo9qxuWgWzXovYpZfjd1cx,2
MEcV3B8kUTKQ6Df1eYw4mJLaRMxpnx1sZd,2
MJei1LCLHfd3tjJ2minC44qQFL6LE5Un7m,2
MSFD6aW9mQ2DKRF9t2ksvgxbLKrMnw9tmp,2
MQCBpx3zusZScEJaLB3ZkZiJgf3GJMZtuo,2
ME8jjK192xesi5jbdkTyYAT9eC6b1XnUjD,2
MAjafHbmbcd64ev8XVsWM5B6PL1GfnGvci,2
MJnn7FCPtn7yoEVvtBwLw3KfgwxcB5Um4M,2
MGnwZFynT3XutYPddNr2NqsprZM1GJZAD9,2
MHSfwTQbmjbLzSFxwk9vzLGHZanhaWRXpc,2
M8fJtBK1RFhezJvUqAYcctXvVDzG1Cgvjn,2
MTiJ5PBSuc42kBnnsUeFF2vc2FqbfzhPvM,2
MBReMWiSFoH1Nk7ifF27BkSLDYgDGGFUZr,2
MTfK74LmNqdkH2YczvNihh2E5wwztE2PwW,2
MEW2FyqfrVNfUMkUFfCuSseGyDtEbeysrn,2
MLhQSaGRh6SHyD2w1z93GMngdN4fVwZPgP,2
MGxcqDjzQT5ip5iwYVGZD8k3xiq8opUuJG,2
M8V81eoR3wPrqhR12RZ4GsHSwDQkS5mLdc,2
MNMoxosiSFSEi8wZLtRgTu45sfw5JrhZve,2
MGYkV5ThsS9m5y1tkLVuaGL6XygdhifEgb,2
MC1jZkHCo2P8GE4xvEpW6QH5qLnJPsKC4D,2
MS2VoEiJRsB8znwg1kspeequbcLmcbEYTN,2
MEfr3iCyPjr2xUirWQLACaPW7fY5HsL8e7,2
MAAyWBz7aYk6Y4rD24166xmZnL3aVZuvNC,2
MGov5TjpDg3ujXvszBUt3TrNPRx4jjqzxM,2
M8krjH4yU26cSVWRDkZQrqEvPutcMFwz88,2
MVL3QhYd6XsNgQjw67MGvLTZocm8ZeUXQP,2
MHrMUjfvyyiNDabe1HvuZ5CvtGucnPMA6D,2
MCgHj7Hin4yLEY3fAK7Pr6V3AKismBDeJU,2
MFnRfT27aVW9K8jY39vtFWvtA7aX2vKPz7,2
MEmFGzf6jFfH1DicUo4sA7e51aCLjxXsXV,2
M9fFSZnMsceEB3jnBoU7vmLrsUhTCkofDK,2
MULYQVP2H2ojmfk7kyyEww6Anb2bxj9xAd,2
MBEHJS2zaEf2CrWWQurn7vbUS669sZXiFS,2
MFJDHaam7uemrh8YJpsmGjcfEpkypV71bk,2
MCthAGJvPPTdFGUgR6srT2p1pnCfEQyJKn,2
MAn1iQDdmtNQFwrcHpA1PAawhCEXtyemkA,2
MVJ92BKo4acqWBaEBjHQAnaEgMYRrL8vwF,2
M9BPhSzjYaPBHt5brm4qWvqK6Y6qhVSXBh,2
MADr3gX8r3QdzKVnxwbZYgunA73QiXssy7,1
MBvq6EtAsyCLCW8fYZcAv6ZBRM5gQA5jgN,1
MCHowFD93sF85hiLYXFLUTTYFTz77eWboE,1
MB2q5qYyKt2DitX66gbHpqsneJF25yyFrt,1
MSB5dZHUSZz7HmzLAavMx7Rhxr5MBzyH3z,1
MKMkBeTWSC6R3usK2MsUNh5S4RcBtBqNpq,1
M9zseb4x2CMBMch12hXQ3LjHwZAtLPXT17,1
MHXyXmXBGWCAe31A6wTntbcmbBvSSWikdv,1
MTT5hSMf4QX2N2J25qTZkPC8A17qyrovDU,1
MRGxT38BAndYzzxN5JR2UPuQqEju13hfQy,1
MM8duYKrnRMwHVwofVV8eBDExxNRkJt5Q6,1
MPc6Sd1mW5XjctEVoLAe97yWJthKrXhD7J,1
MEEJotxMi4wruNujCv3SD9Y93HvJSZC8i4,1
M8toTciPoZcCgSseJgrFpGrUqDUzzKaQKg,1
MEk9CwJtvPc2pMo5gL3Drf5YVr25rNcY2i,1
M9KJSHGCzqqjpuwangVB4kX3hwx2cAySyG,1
MTsNDfkkqa4tjh3dyfp8v8RhVtLHJYXro5,1
MS3JscfyNFVzUTKsbSDz9V7KgBvPNiiG9q,1
MF2PnBX1niEozusZhH83RBZLqXS8txG5mH,1
MAF3b8AWz6mqJtNk2D5TYvJaZEqb44hitV,1
MDJ9Zfh3cMQTQGFAZNZPD7dMkyc6CaGgF5,1
MP2kbkbwtiQRGMAxgCzKNfUcfjXmxt2Bzu,1
MS5pvYjvcwg4gJzsc8o5dRpwgWo8NT3d9C,1
MHHMwa97SNh5QupNJSBTuVwEARY3ZbbCQd,1
MRRsARr3eXqgLKxFtxmUAx5dxtoxJv6hNR,1
MW15qVqcYM5ZnXnQAofpQdCJrB59g22WcC,1
MMmXjj26QMqfhWbNfGohqop7PQ839qsLpb,1
MHmibQbS1RPiz4ubpu3RC79UYcMfSiXNpt,1
MJv8tq5rEaPoRDhKgHHAQbm2MUgz4vn619,1
MRJW4x9cZFkYjJMLWKCCLbAGJmz7HkMTXn,1
MRBQXnQz86tCxTZ9bJgRfGCQrfxH38U8r9,1
MMT2fb6ykigx2SLWUzd6uiNA4i9MghXz7L,1
MNJVMbTcCr1bz4eEtWtDTo45Kc7eWcMTDv,1
MGvNnbAjDQp3dWdhT6KP9EDQvkSnUJZmh7,1
MGz8Q2RJ63r3ztR2E9PPMbSxz8pKW9Cu3Y,1
MDicQ5douqF9Fm6E3rKDv59bUxzpWACLzj,1
MWA5TC3QYYX1xMmX3wQkR37BxebYpiCNSx,1
MFmFu4RbxQZTAsFX513L37FZsB7g1bwm6r,1
MWqqFC8bEgdPV7Qwgmmg1zMyRz7NLCcVSq,1
MQBUbdysgqoWPt31Gv9tiEEjtbFV3NsPXQ,1
MDe6i9iJ68Z3r5oS3SvhNyXW2V3v4k5ZgD,1
MWtLuNdumSTZgG9vxKvc6VuLmFzDzJAu5i,1
M9obKJnP4g269iBkDmHhTsPJ92HLDo5Ld1,1
MMgsVqwV6FfTBNzJWvSPSYMgDJZCdwEY6d,1
MT8rLxCCybFoQP9ghpTb5otea6pHMhDFZN,1
MMHwiWtxDeQBnQbitKGXpLVMRZEJFkcFqU,1
MUQuX8sFjunvPxjLbPtQCCcjjfi6Fx7EfA,1
M8WnYnLakHfNX1LpPuGq2m7u4Ys4sRsawq,1
MH3aWf4zF2WEVWxtMzxVQs13K5wUkVVmJ4,1
M9NDYfKQfqaSVTCuDZLuhYTGw8KqPCYpbf,1
MEUUygK5Sumvp8uzsQSW7fkoqsVfY3ZBu5,1
MUSqTpiCQCWCdQaB6fL2tVW1g6LDmLWTL2,1
MAHnhnPuXeooo8AV3aYRmkWMBArw2SBdUZ,1
MM9Eqy7nq4ZhgCDv86kNkbfWn58srsFG2b,1
MS94vNtkk4JpNc67ouGfcjrEstoa4FUa2b,1
MTjgjThMUTB3Cidd5qMJbzC924Vo8A3Y2V,1
MWAhr6FzAjg2TsUpXC1USJKHLeHNUNsQ1x,1
MVSxELS85yckh9MctNM1rvWsUZ69rTgiJP,1
MGvcwqqPcbA5ALciFuJ9sGFo16KSzaPcU6,1
M87GEXD4r2FxnCoyBDzV5dd7975HGzAVki,1
MD2Yor9ZU8VJFHpLck51Ug4AuqKKjY6PcV,1
MNCyZwFPn6JFusdwGGJwewuqdSca57sqFB,1
MPyXDdvVDTZANBp7Az2wbXBUXPkPahYxnE,1
MLbhNDanmUh7fvbW7QyP3r3AwQZ8U629Kt,1
MSnkBuUHFYredn1LzPkwmcNefoKvdmdgit,1
MKKM7AzQZchWyvgUwdUzjQzvZ1FKzve8VX,1
MGT9wTTvTL26YxYJLd3P8UGTTk2hVg9fEk,1
MUx1VFJHKJA5sVuXhEqoxt47HeJAcyegkd,1
MPAcwWV6H6kDxRPDADsAtYnPDhgTS2MsFT,1
M83JhKCvAiYoYNoAU69KScActg6r2tzUQn,1
MC4vrxfXMfvh9uWV5BjbiWMs3N2CdHh6Gz,1
MM4Lep62DriPteXJ9zE3tovuM88YwGwjC5,1
M8JnnU3eTgqGi6dWYXYBuexTUvyaVW2mc7,1
MK5jPwpGYA41jVugNFwFjJf6BzdF9DGKHo,1
MUniJ5rEzmJVumEdpA9GCHNzDcbc1QEMo1,1
MVFpuiAXmXtBSQQNKT8Ze9aLkBQNvRk7sW,1
M9kHGCRyz9WucSfHNrrSf8y6JQMazJfg15,1
MKHnUQGTjMVBYzXvqHjKgbZHXuU15VRoDo,1
MBUAPSFNCYVYgF5J1SADnjHoUBZX7U1dqx,1
MTep13pywg5UVYWNedyux7nZdZ46AKaEnr,1
MBXKqjdxP4e6nkFdt9gmSAojeuc4or169F,1
MLoccbxdr58jcZ7MYqJBoLQsGLeUKX5avx,1
MW6JjkkV6CG9sNQ94t8PRNa5rcz33csVSS,1
MT6bWQRgsqS1MG1gbuzSRBEqkfVvjryVGk,1
MEMzhXkKyMBEhVbFitsb7WAJ3cRdzwsmjf,1
MGEtUHS3dRyPNEbCB3YEAFHfJSnoNtvZ3u,1
MLoYAR6xBeKFUQTLccxVtvHFMDxQpadZJj,1
M9gLNmZ9y4nVuVnNZQaeFMdtPRd1Crxo6o,1
MLz7epF3Tp9HWBF1RwYR9auE33ASuGUqTF,1
MFv5qzuQ5ChisjQfNFn9dYbWZ6g8Uys5Pk,1
MPzsXmaADbQMbQ7qSuzmWwWSSjdGHT6SxA,1
M8sLNpxQ7sGJ7VCAKPSh33GDAUUjjoRqh8,1
MVJi9frCUNTnFaVBRQZNug9N1k3nL6gvnN,1
M8SCCtbRzV4h5wfUiWrra6ohn1am6iSt9a,1
MCXpLj9GaoS61WbM1b9cM1q8PFjcKeWMmT,1
MJBf7XLh9mQzQ28FZbMeKKaSodgwACdV7Y,1
MSGmRx4TdnWpiJCTXbfHLEmkUqB9Gp9GmQ,1
M8EVyrXK4zShnfUnrJEj3zymKtuCpvgdq4,1
MKsDoDFjcTsjxCQE5Wo6Ha6nPXEkATDf2V,1
MEHw4nc49Wqjd8bqECAiEoZT2R9umxTusc,1
MWmCqFyKxB5jMu19b7ZiTSYg9STquc9VT3,1
MBVZEEQdRZaMEcPZoSfYp2HpohGU8M2doS,1
MGxjHVFUVEBCtR5aB8kXYi6TYoeG7Fy6mc,1
MTN7AUwb97oJQczSbNwCRZYaxkPoHWFEda,1
MBHKp7u8v9ZwMw8sr6vmwMvaY6egZxF5g1,1
MFGEeNFQvqytHkTamNpXmeZymcvKSv9apa,1
M8iMipCR2y6YrpfyaE7YfeSinjjW1k3Dum,1
MMFf1nVfBvX1rrzE5XJF1Wci4NK3rseyXV,1
MJtJskk6Js2PWmxu4hxycHuAVL3XqL2Vtd,1
